target,rf_rmse,ridge_rmse,rf_mae,ridge_mae,rf_r2,ridge_r2,winner_rmse,winner_mae,winner_r2,delta_rmse_rf_minus_ridge,delta_mae_rf_minus_ridge,delta_r2_rf_minus_ridge
y1,1.9981874126845132,2.1775135323855257,1.4418356249999575,1.6953024772666474,0.5635541400472517,0.4817018415130091,rf,rf,rf,-0.17932611970101253,-0.25346685226668986,0.08185229853424258
y2,0.43608313936388576,0.5494618235085824,0.3311012499999265,0.4298007837602853,0.6981992438060296,0.52086623307753,rf,rf,rf,-0.11337868414469665,-0.09869953376035878,0.1773330107284996
y3,0.056616985980907364,0.06944444450701788,0.043756874999997364,0.055395608187318035,0.8711350626011414,0.8061274636774929,rf,rf,rf,-0.012827458526110516,-0.011638733187320671,0.06500759892364849
y4,0.003828668369600451,0.004122233429807452,0.0028668124999999046,0.0031328643676227564,0.5402994438454269,0.46710126382369,rf,rf,rf,-0.00029356506020700125,-0.0002660518676228518,0.07319818002173695
y5,4.115232810518231,4.869623190961369,3.190025000000039,3.3101812397616945,0.5312502305475872,0.3436387066323481,rf,rf,rf,-0.7543903804431382,-0.12015623976165557,0.18761152391523916
y6,0.16778734688121788,0.10308173239783201,0.08699562500000133,0.0743039773615988,0.9566185732856082,0.983626224385145,ridge,ridge,ridge,0.06470561448338587,0.012691647638402526,-0.027007651099536845
y7,0.0077215951187645125,0.012232238035603167,0.005429837500000212,0.008604986841650387,0.6709672850489885,0.17427225570945504,rf,rf,rf,-0.004510642916838655,-0.0031751493416501747,0.49669502933953347
