target,train_rmse,train_mae,train_r2,model_path
y1,1.2556673395897502,1.0124140303127456,0.7940683564756975,models\ridge_y1.joblib
y2,0.25077598666064554,0.20234000483230866,0.8494477548319771,models\ridge_y2.joblib
y3,0.04347368582133374,0.035470488225520826,0.8980665867051255,models\ridge_y3.joblib
y4,0.003399348529599485,0.0027524341222044976,0.6331496195442441,models\ridge_y4.joblib
y5,2.526072840734143,1.817509651157986,0.7525040655827379,models\ridge_y5.joblib
y6,0.0574791317560168,0.043863088489466254,0.9935456244805564,models\ridge_y6.joblib
y7,0.009366078950779582,0.006960896420264966,0.7511259166915084,models\ridge_y7.joblib
